[{"model": "preguntas.tag", "pk": 1, "fields": {"Descripcion": "objetos"}}, {"model": "preguntas.tag", "pk": 2, "fields": {"Descripcion": "patrones"}}, {"model": "preguntas.tag", "pk": 3, "fields": {"Descripcion": "ciclos de vida"}}, {"model": "preguntas.tag", "pk": 4, "fields": {"Descripcion": "Requerimientos"}}, {"model": "preguntas.tag", "pk": 5, "fields": {"Descripcion": "casos de uso"}}, {"model": "preguntas.tag", "pk": 6, "fields": {"Descripcion": "diagramas"}}, {"model": "preguntas.materia", "pk": 1, "fields": {"Descripcion": "Linux"}}, {"model": "preguntas.materia", "pk": 2, "fields": {"Descripcion": "Paradigmas de programacion"}}, {"model": "preguntas.materia", "pk": 3, "fields": {"Descripcion": "Intro al desarrollo de software"}}, {"model": "preguntas.pregunta", "pk": 1, "fields": {"nivel": "", "Descripcion": "Explique el concepto de pipes en Linux.", "materia": 1, "posibilidad": 50, "tags": []}}, {"model": "preguntas.pregunta", "pk": 2, "fields": {"nivel": "", "Descripcion": "Explique los distintos streams de IO que maneja Linux.", "materia": 1, "posibilidad": 50, "tags": []}}, {"model": "preguntas.pregunta", "pk": 4, "fields": {"nivel": "", "Descripcion": "\"\u00bfSi se ejecuta el comando \u201cls -la /home/alumno 2>error.txt\u201d, cual sera el contenido del\r\narchivo error.txt al terminar la ejecucion?\r\nNota: El directorio /home/alumno no esta vacio.\"", "materia": 1, "posibilidad": 50, "tags": []}}, {"model": "preguntas.pregunta", "pk": 5, "fields": {"nivel": "", "Descripcion": "Explique el concepto del dev /dev/null en Linux. \u00bfEn que situaci\u00f3n lo utilizar\u00eda?", "materia": 1, "posibilidad": 50, "tags": []}}, {"model": "preguntas.pregunta", "pk": 6, "fields": {"nivel": "", "Descripcion": "\u00bfEjecutando que comando puedo saber cu\u00e1l es mi directorio actual?", "materia": 1, "posibilidad": 50, "tags": []}}, {"model": "preguntas.pregunta", "pk": 7, "fields": {"nivel": "", "Descripcion": "\u00bfQue estructura tiene el archivo /etc/fstab?", "materia": 1, "posibilidad": 50, "tags": []}}, {"model": "preguntas.pregunta", "pk": 8, "fields": {"nivel": "", "Descripcion": "\u00bfQue estructura tiene el archivo /etc/passwd?", "materia": 1, "posibilidad": 50, "tags": []}}, {"model": "preguntas.pregunta", "pk": 9, "fields": {"nivel": "", "Descripcion": "Explique cuantos tipos de archivos hay en Linux.", "materia": 1, "posibilidad": 50, "tags": []}}, {"model": "preguntas.pregunta", "pk": 10, "fields": {"nivel": "", "Descripcion": "Explique cual es el concepto de umask.", "materia": 1, "posibilidad": 50, "tags": []}}, {"model": "preguntas.pregunta", "pk": 11, "fields": {"nivel": "", "Descripcion": "\u00bfC\u00f3mo se configura una interfaz de red con IP est\u00e1tica persistente?", "materia": 1, "posibilidad": 50, "tags": []}}, {"model": "preguntas.pregunta", "pk": 12, "fields": {"nivel": "", "Descripcion": "Describa y ejemplifique alguna de las maneras de cambiar los permisos de un archivo.", "materia": 1, "posibilidad": 50, "tags": []}}, {"model": "preguntas.pregunta", "pk": 13, "fields": {"nivel": "", "Descripcion": "\u00bfQu\u00e9 es el Sticky Bit?", "materia": 1, "posibilidad": 50, "tags": []}}, {"model": "preguntas.pregunta", "pk": 14, "fields": {"nivel": "", "Descripcion": "\u00bfC\u00f3mo se llama el administrador regular de procesos en segundo plano?", "materia": 1, "posibilidad": 50, "tags": []}}, {"model": "preguntas.pregunta", "pk": 15, "fields": {"nivel": "", "Descripcion": "\u00bfQue encontramos en el directorio /sys/class/net?", "materia": 1, "posibilidad": 50, "tags": []}}, {"model": "preguntas.pregunta", "pk": 16, "fields": {"nivel": "DIFICIL", "Descripcion": "<p>&quot;&iquest;Que se ver&aacute; por la pantalla al ejecutar el siguiente script?</p>\r\n\r\n<p><tt>#!/bin/bash [ -d . ]; </tt></p>\r\n\r\n<p><tt>&nbsp; &nbsp; &nbsp; &nbsp; &nbsp; &nbsp;echo $?; </tt></p>\r\n\r\n<p><tt>&nbsp; &nbsp; &nbsp; &nbsp; &nbsp; &nbsp; exit 0;&quot;</tt></p>", "materia": 1, "posibilidad": 50, "tags": []}}, {"model": "preguntas.pregunta", "pk": 17, "fields": {"nivel": "", "Descripcion": "que me indica la siguiente linea sobre un archivo \"drwxr-x-w- user print\"", "materia": 1, "posibilidad": 50, "tags": []}}, {"model": "preguntas.pregunta", "pk": 18, "fields": {"nivel": "", "Descripcion": "como te conectarias por ssh a un server con ip 192.168.3.1 usuario pepe", "materia": 1, "posibilidad": 50, "tags": []}}, {"model": "preguntas.pregunta", "pk": 19, "fields": {"nivel": "", "Descripcion": "\u00bflas iptables son persistentes?", "materia": 1, "posibilidad": 50, "tags": []}}, {"model": "preguntas.pregunta", "pk": 20, "fields": {"nivel": "", "Descripcion": "que hace el siguiente comando? iptables -A INPUT  -p tcp -s 192.168.1.10 --dport 22 -j DROP", "materia": 1, "posibilidad": 50, "tags": []}}, {"model": "preguntas.pregunta", "pk": 21, "fields": {"nivel": "", "Descripcion": "\u00bfcomo hago para ver todas las interfaces de red conectadas incluso las que no estan configuradas?", "materia": 1, "posibilidad": 50, "tags": []}}, {"model": "preguntas.pregunta", "pk": 22, "fields": {"nivel": "", "Descripcion": "\u00bfcomo puedo ver todos los discos incluso los que no estan montados?", "materia": 1, "posibilidad": 50, "tags": []}}, {"model": "preguntas.pregunta", "pk": 23, "fields": {"nivel": "", "Descripcion": "\u00bfcomo puedo buscar un PID sabiendo el nombre del proceso?", "materia": 1, "posibilidad": 50, "tags": []}}, {"model": "preguntas.pregunta", "pk": 24, "fields": {"nivel": "", "Descripcion": "\u00bfun script puede recibir parametros? de ser asi \u00bfcomo los recibo?", "materia": 1, "posibilidad": 50, "tags": []}}, {"model": "preguntas.pregunta", "pk": 25, "fields": {"nivel": "", "Descripcion": "\u00bfesta bien la siguiente linea? ln /etc \"LinkAetc\"", "materia": 1, "posibilidad": 50, "tags": []}}, {"model": "preguntas.pregunta", "pk": 26, "fields": {"nivel": "", "Descripcion": "\u00bfesta bien la siguiente linea? ln -s /etc \"LinkAetc\"", "materia": 1, "posibilidad": 50, "tags": []}}, {"model": "preguntas.pregunta", "pk": 27, "fields": {"nivel": "", "Descripcion": "\u00bfque hace el siguiente comando? iptables INPUT  -P DROP", "materia": 1, "posibilidad": 50, "tags": []}}, {"model": "preguntas.pregunta", "pk": 28, "fields": {"nivel": "", "Descripcion": "\u00bfComo puedo cambiar los permisos de un archivo?", "materia": 1, "posibilidad": 50, "tags": []}}, {"model": "preguntas.pregunta", "pk": 29, "fields": {"nivel": "", "Descripcion": "\u00bfComo puedo setear el due\u00f1o de un archivo? (que cambiaria?)", "materia": 1, "posibilidad": 50, "tags": []}}, {"model": "preguntas.pregunta", "pk": 30, "fields": {"nivel": "", "Descripcion": "\u00bfcomo puedo obtener un listado en orden inverso de los primeros 3 archivos del directorio /bin?", "materia": 1, "posibilidad": 50, "tags": []}}, {"model": "preguntas.pregunta", "pk": 31, "fields": {"nivel": "INTERMEDIO", "Descripcion": "<p>&quot;&iquest;Que se ver&aacute; por la pantalla al ejecutar el siguiente script? <strong>#!/bin/bash echo $1; exit 0;&quot;</strong></p>", "materia": 1, "posibilidad": 50, "tags": []}}, {"model": "preguntas.pregunta", "pk": 32, "fields": {"nivel": "", "Descripcion": "Dentro de un script NO se pueden ejecutar los mismos comandos que desde la consola", "materia": 1, "posibilidad": 50, "tags": []}}, {"model": "preguntas.pregunta", "pk": 33, "fields": {"nivel": "", "Descripcion": "para que linux lo interprete como script debe tener como extencion .sh", "materia": 1, "posibilidad": 50, "tags": []}}, {"model": "preguntas.pregunta", "pk": 34, "fields": {"nivel": "", "Descripcion": "\u00bfque cadenas tiene la tabla filter?", "materia": 1, "posibilidad": 50, "tags": []}}, {"model": "preguntas.pregunta", "pk": 35, "fields": {"nivel": "", "Descripcion": "Que es iptables?", "materia": 1, "posibilidad": 50, "tags": []}}, {"model": "preguntas.pregunta", "pk": 36, "fields": {"nivel": "", "Descripcion": "que diferencia hay entre \"ls > lista.txt\" y \"ls >> lista.txt\"", "materia": 1, "posibilidad": 50, "tags": []}}, {"model": "preguntas.pregunta", "pk": 37, "fields": {"nivel": "", "Descripcion": "\u00bfQue es un paradigma?", "materia": 2, "posibilidad": 50, "tags": []}}, {"model": "preguntas.pregunta", "pk": 38, "fields": {"nivel": "", "Descripcion": "Explique la diferencia entre paradigma tecnol\u00f3gico y paradigma de programaci\u00f3n", "materia": 2, "posibilidad": 50, "tags": []}}, {"model": "preguntas.pregunta", "pk": 39, "fields": {"nivel": "", "Descripcion": "\u00bfQue es el paradigma imperativo?", "materia": 2, "posibilidad": 50, "tags": []}}, {"model": "preguntas.pregunta", "pk": 40, "fields": {"nivel": "", "Descripcion": "\u00bfQue es el paradigma declarativo?", "materia": 2, "posibilidad": 50, "tags": []}}, {"model": "preguntas.pregunta", "pk": 41, "fields": {"nivel": "", "Descripcion": "\u00bfExplique la diferencia entre lenguaje compilado y uno interpretado?", "materia": 2, "posibilidad": 50, "tags": []}}, {"model": "preguntas.pregunta", "pk": 42, "fields": {"nivel": "", "Descripcion": "Explique los pros y contras de los lenguajes declarativos", "materia": 2, "posibilidad": 50, "tags": []}}, {"model": "preguntas.pregunta", "pk": 43, "fields": {"nivel": "", "Descripcion": "Explique los pros y contras de los lenguajes imperativos", "materia": 2, "posibilidad": 50, "tags": []}}, {"model": "preguntas.pregunta", "pk": 44, "fields": {"nivel": "", "Descripcion": "Nombre alg\u00fan ejemplo de lenguaje de programaci\u00f3n funcional", "materia": 2, "posibilidad": 50, "tags": []}}, {"model": "preguntas.pregunta", "pk": 45, "fields": {"nivel": "", "Descripcion": "Nombre alg\u00fan ejemplo de lenguaje de programaci\u00f3n orientada a objetos", "materia": 2, "posibilidad": 50, "tags": []}}, {"model": "preguntas.pregunta", "pk": 46, "fields": {"nivel": "", "Descripcion": "Nombre alg\u00fan ejemplo de lenguaje de programaci\u00f3n logica", "materia": 2, "posibilidad": 50, "tags": []}}, {"model": "preguntas.pregunta", "pk": 47, "fields": {"nivel": "", "Descripcion": "Nombre alg\u00fan ejemplo de lenguaje de programaci\u00f3n estructurada", "materia": 2, "posibilidad": 50, "tags": []}}, {"model": "preguntas.pregunta", "pk": 48, "fields": {"nivel": "", "Descripcion": "Que caracter\u00edsticas tiene el paradigma l\u00f3gico", "materia": 2, "posibilidad": 50, "tags": []}}, {"model": "preguntas.pregunta", "pk": 49, "fields": {"nivel": "", "Descripcion": "Que caracter\u00edsticas tiene el paradigma funcional", "materia": 2, "posibilidad": 50, "tags": []}}, {"model": "preguntas.pregunta", "pk": 50, "fields": {"nivel": "", "Descripcion": "Que caracter\u00edsticas tiene el paradigma orientado a objetos", "materia": 2, "posibilidad": 50, "tags": []}}, {"model": "preguntas.pregunta", "pk": 51, "fields": {"nivel": "", "Descripcion": "El la programaci\u00f3n l\u00f3gica (prolog) a que se refieren con hechos", "materia": 2, "posibilidad": 50, "tags": []}}, {"model": "preguntas.pregunta", "pk": 52, "fields": {"nivel": "", "Descripcion": "El la programaci\u00f3n l\u00f3gica (con prolog) a que se refieren con reglas", "materia": 2, "posibilidad": 50, "tags": []}}, {"model": "preguntas.pregunta", "pk": 53, "fields": {"nivel": "FACIL", "Descripcion": "<p>&iquest;que es un objeto?</p>", "materia": 3, "posibilidad": 50, "tags": [1]}}, {"model": "preguntas.pregunta", "pk": 54, "fields": {"nivel": "INTERMEDIO", "Descripcion": "<p>&iquest;En objetos que es un contructor?</p>", "materia": 3, "posibilidad": 50, "tags": [1]}}, {"model": "preguntas.pregunta", "pk": 55, "fields": {"nivel": "INTERMEDIO", "Descripcion": "<p>&iquest;Explique que es un metodo&#39;?</p>", "materia": 3, "posibilidad": 50, "tags": [1]}}, {"model": "preguntas.pregunta", "pk": 56, "fields": {"nivel": "INTERMEDIO", "Descripcion": "<p>&iquest;Explique que es un patron?</p>", "materia": 3, "posibilidad": 50, "tags": [2]}}, {"model": "preguntas.pregunta", "pk": 57, "fields": {"nivel": "FACIL", "Descripcion": "<p>&iquest;Nombre y explique 3 etapas del ciclo de vida del software?</p>", "materia": 3, "posibilidad": 50, "tags": [3]}}, {"model": "preguntas.pregunta", "pk": 58, "fields": {"nivel": "FACIL", "Descripcion": "<p>\u00bfQue es el ciclo de del software?</p>", "materia": 3, "posibilidad": 50, "tags": [3]}}, {"model": "preguntas.pregunta", "pk": 59, "fields": {"nivel": "INTERMEDIO", "Descripcion": "<p>Nombre algun model del ciclo de vida que conozca y sus caracteristicas</p>", "materia": 3, "posibilidad": 50, "tags": [3]}}, {"model": "preguntas.pregunta", "pk": 60, "fields": {"nivel": "INTERMEDIO", "Descripcion": "<p>Explique metodologias agiles vs las tradicionales</p>", "materia": 3, "posibilidad": 50, "tags": [3]}}, {"model": "preguntas.pregunta", "pk": 61, "fields": {"nivel": "FACIL", "Descripcion": "<p>&iquest;Que es el analisis de requerimeintos?</p>", "materia": 3, "posibilidad": 50, "tags": [4]}}, {"model": "preguntas.pregunta", "pk": 62, "fields": {"nivel": "INTERMEDIO", "Descripcion": "<p>&iquest;Explique 3 clasificaciones de requemientos?</p>", "materia": 3, "posibilidad": 50, "tags": [4]}}, {"model": "preguntas.pregunta", "pk": 63, "fields": {"nivel": "FACIL", "Descripcion": "<p>&iexcl;Que son los requerimientos durareros?</p>", "materia": 3, "posibilidad": 50, "tags": [4]}}, {"model": "preguntas.pregunta", "pk": 64, "fields": {"nivel": "FACIL", "Descripcion": "<p>&iexcl;Que son los requerimientos volatiles?</p>", "materia": 3, "posibilidad": 50, "tags": [4]}}, {"model": "preguntas.pregunta", "pk": 65, "fields": {"nivel": "FACIL", "Descripcion": "<p>&iquest;que es la espcificacion de requisitos?</p>", "materia": 3, "posibilidad": 50, "tags": [4]}}, {"model": "preguntas.pregunta", "pk": 66, "fields": {"nivel": "INTERMEDIO", "Descripcion": "<p>&iquest;Nombre 3 condiciones que deben cumplir los requisitos?</p>", "materia": 3, "posibilidad": 50, "tags": [4]}}, {"model": "preguntas.pregunta", "pk": 67, "fields": {"nivel": "FACIL", "Descripcion": "<p>&iquest;Que es un caso de uso?</p>", "materia": 3, "posibilidad": 50, "tags": [5]}}, {"model": "preguntas.pregunta", "pk": 68, "fields": {"nivel": "FACIL", "Descripcion": "<p>&iquest;para que sirve un caso de uso?</p>", "materia": 3, "posibilidad": 50, "tags": [5]}}, {"model": "preguntas.pregunta", "pk": 69, "fields": {"nivel": "INTERMEDIO", "Descripcion": "<p>&iquest;Cuales son los elementos de la descripcion de un caso de uso?</p>", "materia": 3, "posibilidad": 50, "tags": [5]}}, {"model": "preguntas.pregunta", "pk": 70, "fields": {"nivel": "INTERMEDIO", "Descripcion": "<p>&iquest;que es el UML&#39;</p>", "materia": 3, "posibilidad": 50, "tags": [6]}}, {"model": "preguntas.pregunta", "pk": 71, "fields": {"nivel": "FACIL", "Descripcion": "<p>&iquest;Porque es importante el dise&ntilde;o de diagramas&#39;</p>", "materia": 3, "posibilidad": 50, "tags": [6]}}, {"model": "preguntas.pregunta", "pk": 72, "fields": {"nivel": "INTERMEDIO", "Descripcion": "<p>&iquest;En UML cuales son los tipos de diagramas estructurales?&nbsp;<br />\r\nNombre alguno que recuerde</p>", "materia": 3, "posibilidad": 50, "tags": [6]}}, {"model": "preguntas.pregunta", "pk": 73, "fields": {"nivel": "INTERMEDIO", "Descripcion": "<p>&iquest;En UML cuales son los tipos de diagramas de comportamiento?&nbsp;<br />\r\nNombre alguno que recuerde</p>", "materia": 3, "posibilidad": 50, "tags": [6]}}, {"model": "preguntas.pregunta", "pk": 74, "fields": {"nivel": "INTERMEDIO", "Descripcion": "<p>&iquest;Que representa un diagrama de clases?</p>", "materia": 3, "posibilidad": 50, "tags": [6]}}, {"model": "preguntas.pregunta", "pk": 75, "fields": {"nivel": "INTERMEDIO", "Descripcion": "<p>&iquest;Que representa un diagrama de secuencias?</p>", "materia": 3, "posibilidad": 50, "tags": [6]}}, {"model": "preguntas.pregunta", "pk": 76, "fields": {"nivel": "INTERMEDIO", "Descripcion": "<p>Describa la diferencia entre estos diagramas</p>\r\n\r\n<p><strong><img src=\"https://lh6.googleusercontent.com/-JoR3tmgacVc1IC6KA4VTnc12wqstlVt0GYClopGLIBuqeXYGx2Y-yJQlKvlJ7PukAMXFPZRvgJ768LtCmA60T8GY-jg3c7AgiM-wUbXC3kkwka1VC4nh5wMtFptwf11K1jGQZ8B\" style=\"height:190px; width:235px\" /></strong></p>", "materia": 3, "posibilidad": 50, "tags": [6]}}, {"model": "preguntas.pregunta", "pk": 77, "fields": {"nivel": "INTERMEDIO", "Descripcion": "<p>Describa qu&eacute; representa este diagrama</p>\r\n\r\n<p><strong><img src=\"https://lh5.googleusercontent.com/vhxmxH7rc4irb_m5xdTfajsH_a88fE4RGnuDMI_h39So6D-JJ1UkqaG5QTrMDgRk6g33b5owylt_QaWo0VBWhj8YuCrJZ8TginDskOclurIp-0-LgumCO_Pck1yMBauucIZSdIOS\" style=\"height:235px; width:499px\" /></strong></p>", "materia": 3, "posibilidad": 50, "tags": [6]}}, {"model": "preguntas.pregunta", "pk": 78, "fields": {"nivel": "INTERMEDIO", "Descripcion": "<p>Explique los elementos de un diagrama de secuencia</p>", "materia": 3, "posibilidad": 50, "tags": [6]}}]